user_id,total_purchases,lifetime_value,audience_segment
81036435.1157569602,1,1530.0,HIGH_VALUE_CUSTOMER
15046526.4562004600,3,1424.0,HIGH_VALUE_CUSTOMER
8083450.3844124226,10,1404.0,HIGH_VALUE_CUSTOMER
60695124.4742262801,5,1260.0,HIGH_VALUE_CUSTOMER
7134559299.4601048201,1,1200.0,HIGH_VALUE_CUSTOMER
12306432.7939489449,1,1170.0,HIGH_VALUE_CUSTOMER
5645225.6917653454,5,1121.0,HIGH_VALUE_CUSTOMER
78221431.2724111930,2,1049.0,HIGH_VALUE_CUSTOMER
51248671.8133898155,1,998.0,HIGH_VALUE_CUSTOMER
12291446.3815334458,4,976.0,HIGH_VALUE_CUSTOMER
41474740.1017155695,1,904.0,HIGH_VALUE_CUSTOMER
2566418.5535518831,1,865.0,HIGH_VALUE_CUSTOMER
5113443.5387152232,2,858.0,HIGH_VALUE_CUSTOMER
99387700.1672480666,2,817.0,HIGH_VALUE_CUSTOMER
39388951.3688006674,1,806.0,HIGH_VALUE_CUSTOMER
10295267.8818269139,1,794.0,HIGH_VALUE_CUSTOMER
2278219.0388083386,1,784.0,HIGH_VALUE_CUSTOMER
3833171.6184728360,2,771.0,HIGH_VALUE_CUSTOMER
71706603.2631255790,7,768.0,HIGH_VALUE_CUSTOMER
1621120.1060958458,2,758.0,HIGH_VALUE_CUSTOMER
4484520.5210961028,13,752.0,HIGH_VALUE_CUSTOMER
63177378.7681474242,4,744.0,HIGH_VALUE_CUSTOMER
1033085.6917088117,1,712.0,HIGH_VALUE_CUSTOMER
7019543.7153257093,1,708.0,HIGH_VALUE_CUSTOMER
2768703.4866675938,1,704.0,HIGH_VALUE_CUSTOMER
1532927.6404323781,1,683.0,HIGH_VALUE_CUSTOMER
13141816.1294900403,1,680.0,HIGH_VALUE_CUSTOMER
26064119.0281069258,1,678.0,HIGH_VALUE_CUSTOMER
41025522.7163055341,2,676.0,HIGH_VALUE_CUSTOMER
6822684.1627482502,1,671.0,HIGH_VALUE_CUSTOMER
88827381.9303945281,2,669.0,HIGH_VALUE_CUSTOMER
40810614.6993876384,1,656.0,HIGH_VALUE_CUSTOMER
30220372.7620678894,1,646.0,HIGH_VALUE_CUSTOMER
33534334.2982237665,1,618.0,HIGH_VALUE_CUSTOMER
87100826.2061583108,1,605.0,HIGH_VALUE_CUSTOMER
5766379.6658996628,1,600.0,HIGH_VALUE_CUSTOMER
48879002.2084859201,1,588.0,HIGH_VALUE_CUSTOMER
2167403.7906456200,2,580.0,HIGH_VALUE_CUSTOMER
37930099.3763917539,1,576.0,HIGH_VALUE_CUSTOMER
7285756326.1533513847,1,570.0,HIGH_VALUE_CUSTOMER
2049470.1567030647,7,565.0,HIGH_VALUE_CUSTOMER
18210686.3272655150,1,551.0,HIGH_VALUE_CUSTOMER
63264809.7446857295,16,544.0,HIGH_VALUE_CUSTOMER
78499362.4704274874,1,540.0,HIGH_VALUE_CUSTOMER
25363504.9539525923,8,536.0,HIGH_VALUE_CUSTOMER
1279990.2790569705,2,532.0,HIGH_VALUE_CUSTOMER
11276007.4623855146,2,529.0,HIGH_VALUE_CUSTOMER
27071010.1715411752,1,525.0,HIGH_VALUE_CUSTOMER
3938933.9449134391,1,522.0,HIGH_VALUE_CUSTOMER
79509844.1081277926,6,522.0,HIGH_VALUE_CUSTOMER
50054690.0206427992,1,518.0,HIGH_VALUE_CUSTOMER
2808102.2330574481,5,517.0,HIGH_VALUE_CUSTOMER
3883375.8924071243,2,517.0,HIGH_VALUE_CUSTOMER
45732822.6958771748,1,514.0,HIGH_VALUE_CUSTOMER
8156646657.1507119761,1,508.0,HIGH_VALUE_CUSTOMER
97950097.5837353470,5,491.0,HIGH_VALUE_CUSTOMER
51608821.0291355400,2,490.0,HIGH_VALUE_CUSTOMER
54019036.7189560758,1,490.0,HIGH_VALUE_CUSTOMER
8635951.7155332526,6,484.0,HIGH_VALUE_CUSTOMER
84288512.1820202145,1,484.0,HIGH_VALUE_CUSTOMER
2095299.8404862362,10,483.0,HIGH_VALUE_CUSTOMER
89140417.9002672475,1,480.0,HIGH_VALUE_CUSTOMER
28202253.7064162636,2,478.0,HIGH_VALUE_CUSTOMER
38970589.1095437937,1,477.0,HIGH_VALUE_CUSTOMER
35710256.3477753994,1,474.0,HIGH_VALUE_CUSTOMER
2660071.6760619641,3,466.0,HIGH_VALUE_CUSTOMER
11495471.0749512812,2,465.0,HIGH_VALUE_CUSTOMER
5373799.6097004022,2,462.0,HIGH_VALUE_CUSTOMER
91694984.1982284598,2,461.0,HIGH_VALUE_CUSTOMER
53406211.8724008214,2,460.0,HIGH_VALUE_CUSTOMER
47567788.3779803485,6,456.0,HIGH_VALUE_CUSTOMER
1482564.3987701428,1,453.0,HIGH_VALUE_CUSTOMER
5637710.4936907752,2,452.0,HIGH_VALUE_CUSTOMER
1440737.0883647632,1,450.0,HIGH_VALUE_CUSTOMER
2972042.1160295830,1,449.0,HIGH_VALUE_CUSTOMER
43678268.2433515488,1,446.0,HIGH_VALUE_CUSTOMER
7680193331.8740202405,1,443.0,HIGH_VALUE_CUSTOMER
80921507.1393350408,4,438.0,HIGH_VALUE_CUSTOMER
5002058.4107238120,2,437.0,HIGH_VALUE_CUSTOMER
7634543.7021985089,2,431.0,HIGH_VALUE_CUSTOMER
87666696.5302025907,3,427.0,HIGH_VALUE_CUSTOMER
30675676.3150878065,1,424.0,HIGH_VALUE_CUSTOMER
67242982.0432343274,3,423.0,HIGH_VALUE_CUSTOMER
1415699.2356865981,3,416.0,HIGH_VALUE_CUSTOMER
4376619.9958221943,1,408.0,HIGH_VALUE_CUSTOMER
80208775.3915875119,5,406.0,HIGH_VALUE_CUSTOMER
25335187.2299023217,2,405.0,HIGH_VALUE_CUSTOMER
3099934.0263391283,1,404.0,HIGH_VALUE_CUSTOMER
8822878673.4974906772,4,398.0,HIGH_VALUE_CUSTOMER
9431683.5830577678,1,396.0,HIGH_VALUE_CUSTOMER
72275845.1755516158,1,395.0,HIGH_VALUE_CUSTOMER
2275313.5266564172,1,394.0,HIGH_VALUE_CUSTOMER
58881820.3673642140,2,393.0,HIGH_VALUE_CUSTOMER
5299488.0522490006,2,390.0,HIGH_VALUE_CUSTOMER
32820105.2111076078,1,386.0,HIGH_VALUE_CUSTOMER
1793657.4173240079,1,386.0,HIGH_VALUE_CUSTOMER
13756133.7762491194,3,384.0,HIGH_VALUE_CUSTOMER
36794743.0115266107,1,384.0,HIGH_VALUE_CUSTOMER
9073224.2742948399,2,384.0,HIGH_VALUE_CUSTOMER
3327202.0943712796,3,378.0,HIGH_VALUE_CUSTOMER
73714607.3371536902,1,377.0,HIGH_VALUE_CUSTOMER
39602761.4128729087,2,376.0,HIGH_VALUE_CUSTOMER
31556860.5592810420,2,376.0,HIGH_VALUE_CUSTOMER
3175490.8020123919,1,376.0,HIGH_VALUE_CUSTOMER
40953348.8523432987,1,375.0,HIGH_VALUE_CUSTOMER
59283995.2508616440,2,374.0,HIGH_VALUE_CUSTOMER
3381037907.7217581644,2,374.0,HIGH_VALUE_CUSTOMER
70274582.7964868916,1,370.0,HIGH_VALUE_CUSTOMER
59150872.6355994877,3,365.0,HIGH_VALUE_CUSTOMER
7479349.1949480609,1,364.0,HIGH_VALUE_CUSTOMER
5244179.4867323211,1,362.0,HIGH_VALUE_CUSTOMER
1663781.3078124746,2,361.0,HIGH_VALUE_CUSTOMER
44080603.5651121314,1,361.0,HIGH_VALUE_CUSTOMER
81834479.5125091790,2,359.0,HIGH_VALUE_CUSTOMER
6449198.2526522279,1,355.0,HIGH_VALUE_CUSTOMER
3018471.2187154322,4,354.0,HIGH_VALUE_CUSTOMER
38420537.7216639441,1,354.0,HIGH_VALUE_CUSTOMER
5945718.9383173023,1,354.0,HIGH_VALUE_CUSTOMER
53709875.3635794172,1,353.0,HIGH_VALUE_CUSTOMER
3282203.4038192177,1,352.0,HIGH_VALUE_CUSTOMER
4570994.5660099908,2,351.0,HIGH_VALUE_CUSTOMER
34715004.0442654743,6,350.0,HIGH_VALUE_CUSTOMER
3518681.5571822382,1,347.0,HIGH_VALUE_CUSTOMER
74208315.1089315761,1,345.0,HIGH_VALUE_CUSTOMER
8673800.8985723616,1,342.0,HIGH_VALUE_CUSTOMER
85305313.7561330759,1,341.0,HIGH_VALUE_CUSTOMER
31825674.2113685011,3,336.0,HIGH_VALUE_CUSTOMER
81335886.8473727587,1,336.0,HIGH_VALUE_CUSTOMER
3578162.0623899917,2,331.0,HIGH_VALUE_CUSTOMER
8579252.3506286297,1,330.0,HIGH_VALUE_CUSTOMER
57471045.2261985947,1,326.0,HIGH_VALUE_CUSTOMER
49288108.7792907743,1,325.0,HIGH_VALUE_CUSTOMER
16291219.8111422394,2,325.0,HIGH_VALUE_CUSTOMER
55194119.6469234549,3,325.0,HIGH_VALUE_CUSTOMER
7722668.2787414860,1,324.0,HIGH_VALUE_CUSTOMER
27314189.0356814830,2,323.0,HIGH_VALUE_CUSTOMER
28624446.9980540301,2,322.0,HIGH_VALUE_CUSTOMER
4819495.8466668365,3,322.0,HIGH_VALUE_CUSTOMER
6488582.8788491425,1,322.0,HIGH_VALUE_CUSTOMER
3122197.9178413688,1,320.0,HIGH_VALUE_CUSTOMER
71563215.6886463640,2,320.0,HIGH_VALUE_CUSTOMER
7254379.8573622074,3,318.0,HIGH_VALUE_CUSTOMER
3414474.3739440974,1,318.0,HIGH_VALUE_CUSTOMER
44208623.4340317802,1,317.0,HIGH_VALUE_CUSTOMER
3159757.1355046671,1,314.0,HIGH_VALUE_CUSTOMER
73427198.7537900210,1,314.0,HIGH_VALUE_CUSTOMER
2541331.2931528712,1,311.0,HIGH_VALUE_CUSTOMER
5579434.4769739748,1,307.0,HIGH_VALUE_CUSTOMER
1160488.2375923167,1,305.0,HIGH_VALUE_CUSTOMER
5558273.2492198100,1,305.0,HIGH_VALUE_CUSTOMER
66036121.7799299870,1,305.0,HIGH_VALUE_CUSTOMER
3216886.8311598059,1,305.0,HIGH_VALUE_CUSTOMER
2608462.0797346127,4,304.0,HIGH_VALUE_CUSTOMER
2992162.7816495834,3,300.0,HIGH_VALUE_CUSTOMER
40652857.6013892710,1,300.0,HIGH_VALUE_CUSTOMER
48981361.3028514075,1,299.0,HIGH_VALUE_CUSTOMER
8305679.2059616518,1,299.0,HIGH_VALUE_CUSTOMER
7221347.4127394632,3,298.0,HIGH_VALUE_CUSTOMER
9134268.2677185739,1,298.0,HIGH_VALUE_CUSTOMER
64451489.6117020616,1,298.0,HIGH_VALUE_CUSTOMER
57065333.7001768225,2,295.0,HIGH_VALUE_CUSTOMER
73497675.9720954301,3,294.0,HIGH_VALUE_CUSTOMER
25633378.1133836718,1,294.0,HIGH_VALUE_CUSTOMER
2897030438.4111142859,1,292.0,HIGH_VALUE_CUSTOMER
5084920.8860557208,1,292.0,HIGH_VALUE_CUSTOMER
6488580233.2228683836,1,291.0,HIGH_VALUE_CUSTOMER
1561271.7182118121,1,290.0,HIGH_VALUE_CUSTOMER
8626343.9684026120,3,288.0,HIGH_VALUE_CUSTOMER
5310177.6035821276,2,287.0,HIGH_VALUE_CUSTOMER
33234318.3224761950,1,287.0,HIGH_VALUE_CUSTOMER
48159916.2278332378,3,284.0,HIGH_VALUE_CUSTOMER
5607144.6246327246,1,284.0,HIGH_VALUE_CUSTOMER
6445892.8785219212,1,284.0,HIGH_VALUE_CUSTOMER
62921407.7385261228,1,282.0,HIGH_VALUE_CUSTOMER
12545442.9053678590,11,280.0,HIGH_VALUE_CUSTOMER
2355616.9460032382,1,280.0,HIGH_VALUE_CUSTOMER
65608889.8290462049,1,279.0,HIGH_VALUE_CUSTOMER
17092913.6445812691,2,278.0,HIGH_VALUE_CUSTOMER
33519070.9701128272,1,278.0,HIGH_VALUE_CUSTOMER
64681465.6816600292,3,277.0,HIGH_VALUE_CUSTOMER
1245203.1205410719,4,277.0,HIGH_VALUE_CUSTOMER
5305452.1871311002,2,277.0,HIGH_VALUE_CUSTOMER
38139183.3747160528,1,276.0,HIGH_VALUE_CUSTOMER
98020186.6825178467,2,274.0,HIGH_VALUE_CUSTOMER
23188793.3504076068,1,272.0,HIGH_VALUE_CUSTOMER
34566418.3175234997,1,272.0,HIGH_VALUE_CUSTOMER
3041494.0908353891,2,272.0,HIGH_VALUE_CUSTOMER
1164842.6741102569,1,271.0,HIGH_VALUE_CUSTOMER
2314652.7895916826,1,270.0,HIGH_VALUE_CUSTOMER
42744232.1088543265,9,270.0,HIGH_VALUE_CUSTOMER
86226481.4357835444,8,270.0,HIGH_VALUE_CUSTOMER
1605564.2171778452,3,268.0,HIGH_VALUE_CUSTOMER
39816785.0776255763,2,266.0,HIGH_VALUE_CUSTOMER
80825724.4005939752,1,266.0,HIGH_VALUE_CUSTOMER
6513698.9723353874,1,266.0,HIGH_VALUE_CUSTOMER
7064082.7860041455,1,266.0,HIGH_VALUE_CUSTOMER
56795799.9574176777,1,265.0,HIGH_VALUE_CUSTOMER
72967154.2008054722,1,264.0,HIGH_VALUE_CUSTOMER
34490273.5966302679,6,264.0,HIGH_VALUE_CUSTOMER
32190182.0699794389,1,263.0,HIGH_VALUE_CUSTOMER
44948793.1646090451,1,262.0,HIGH_VALUE_CUSTOMER
52336592.9891124820,1,262.0,HIGH_VALUE_CUSTOMER
8263478975.0153803823,1,260.0,HIGH_VALUE_CUSTOMER
83739349.8729103328,2,259.0,HIGH_VALUE_CUSTOMER
63829798.3654577693,1,258.0,HIGH_VALUE_CUSTOMER
4663569.8394119852,2,257.0,HIGH_VALUE_CUSTOMER
58104072.2659495100,5,257.0,HIGH_VALUE_CUSTOMER
3327716.6139481359,2,257.0,HIGH_VALUE_CUSTOMER
5175868.5309206965,1,256.0,HIGH_VALUE_CUSTOMER
75294747.2712173356,2,256.0,HIGH_VALUE_CUSTOMER
6643240028.3907368685,2,255.0,HIGH_VALUE_CUSTOMER
68441141.3197623367,2,254.0,HIGH_VALUE_CUSTOMER
63837285.4662582710,1,253.0,HIGH_VALUE_CUSTOMER
84534898.7989426950,6,252.0,HIGH_VALUE_CUSTOMER
7275494.7811178530,3,252.0,HIGH_VALUE_CUSTOMER
4707239.1008432127,3,252.0,HIGH_VALUE_CUSTOMER
79437846.7966348856,2,251.0,HIGH_VALUE_CUSTOMER
3046093.2167709173,5,249.0,HIGH_VALUE_CUSTOMER
26822369.2318540291,2,249.0,HIGH_VALUE_CUSTOMER
3231609.9615457151,2,249.0,HIGH_VALUE_CUSTOMER
5820525.4112921353,1,248.0,HIGH_VALUE_CUSTOMER
5370675.2157971187,1,247.0,HIGH_VALUE_CUSTOMER
8278411.7423220409,4,246.0,HIGH_VALUE_CUSTOMER
7305312.0773204883,2,246.0,HIGH_VALUE_CUSTOMER
41904644.7032979505,1,246.0,HIGH_VALUE_CUSTOMER
8889945.3857316896,1,246.0,HIGH_VALUE_CUSTOMER
78710713.2392067740,1,246.0,HIGH_VALUE_CUSTOMER
6006118.2429897577,1,245.0,HIGH_VALUE_CUSTOMER
32985797.1699921045,1,245.0,HIGH_VALUE_CUSTOMER
39049984.4198737878,4,243.0,HIGH_VALUE_CUSTOMER
50546952.1039923649,1,243.0,HIGH_VALUE_CUSTOMER
92422851.0520335541,1,242.0,HIGH_VALUE_CUSTOMER
51216998.9738761037,1,242.0,HIGH_VALUE_CUSTOMER
4116825.4321746815,8,240.0,HIGH_VALUE_CUSTOMER
74016002.6019650209,3,240.0,HIGH_VALUE_CUSTOMER
3402018.0291081671,1,240.0,HIGH_VALUE_CUSTOMER
5039183135.2699720432,1,240.0,HIGH_VALUE_CUSTOMER
48482961.7353796273,1,240.0,HIGH_VALUE_CUSTOMER
2251343.9552099455,1,240.0,HIGH_VALUE_CUSTOMER
9101213.9063728582,1,239.0,HIGH_VALUE_CUSTOMER
70587803.9229757124,4,239.0,HIGH_VALUE_CUSTOMER
28916400.9213822241,1,239.0,HIGH_VALUE_CUSTOMER
58404409.8347902611,1,238.0,HIGH_VALUE_CUSTOMER
27754794.4046505931,1,238.0,HIGH_VALUE_CUSTOMER
3310339.4446432370,1,237.0,HIGH_VALUE_CUSTOMER
84636323.8110704850,1,237.0,HIGH_VALUE_CUSTOMER
78331614.5702890138,1,236.0,HIGH_VALUE_CUSTOMER
22222567.3132315095,1,236.0,HIGH_VALUE_CUSTOMER
1534773.3101496826,1,236.0,HIGH_VALUE_CUSTOMER
5776696.8626570449,2,236.0,HIGH_VALUE_CUSTOMER
6266986.5618192324,2,235.0,HIGH_VALUE_CUSTOMER
14319429.3848600934,1,235.0,HIGH_VALUE_CUSTOMER
79305784.7623717578,1,234.0,HIGH_VALUE_CUSTOMER
79260143.2564567739,1,233.0,HIGH_VALUE_CUSTOMER
7688722.6706829800,4,233.0,HIGH_VALUE_CUSTOMER
6556724.6722841168,2,232.0,HIGH_VALUE_CUSTOMER
49068184.0131644651,1,232.0,HIGH_VALUE_CUSTOMER
7534419.7933326516,1,231.0,HIGH_VALUE_CUSTOMER
47512557.1077158577,1,231.0,HIGH_VALUE_CUSTOMER
6801200.8968241705,4,231.0,HIGH_VALUE_CUSTOMER
1624875.9469354174,1,231.0,HIGH_VALUE_CUSTOMER
3435332.1615492469,1,230.0,HIGH_VALUE_CUSTOMER
5516326.8444687928,1,230.0,HIGH_VALUE_CUSTOMER
27683683.6299831306,2,229.0,HIGH_VALUE_CUSTOMER
4976040.5511752417,1,228.0,HIGH_VALUE_CUSTOMER
12916310.0404298738,1,227.0,HIGH_VALUE_CUSTOMER
7193125.5982849186,1,226.0,HIGH_VALUE_CUSTOMER
6961058.7244207405,1,226.0,HIGH_VALUE_CUSTOMER
2819497.0596567487,2,225.0,HIGH_VALUE_CUSTOMER
2321760.0432411967,3,225.0,HIGH_VALUE_CUSTOMER
14763691.5596383469,2,225.0,HIGH_VALUE_CUSTOMER
3365134.0673833488,1,225.0,HIGH_VALUE_CUSTOMER
28750238.4461447574,1,224.0,HIGH_VALUE_CUSTOMER
2563148.0852215497,1,224.0,HIGH_VALUE_CUSTOMER
3188737051.8836428627,2,223.0,HIGH_VALUE_CUSTOMER
38120148.2885726823,1,223.0,HIGH_VALUE_CUSTOMER
74351856.8000104870,1,223.0,HIGH_VALUE_CUSTOMER
17453487.1522301419,2,223.0,HIGH_VALUE_CUSTOMER
19173235.3605594670,4,222.0,HIGH_VALUE_CUSTOMER
29271335.8588196561,1,221.0,HIGH_VALUE_CUSTOMER
1395824.1622992884,1,220.0,HIGH_VALUE_CUSTOMER
7748359.5667737603,1,219.0,HIGH_VALUE_CUSTOMER
53887436.1726083498,1,219.0,HIGH_VALUE_CUSTOMER
7771300.1338167684,1,219.0,HIGH_VALUE_CUSTOMER
4231038.0723891741,2,219.0,HIGH_VALUE_CUSTOMER
7453835.7513761923,2,218.0,HIGH_VALUE_CUSTOMER
6195712.5561534807,2,218.0,HIGH_VALUE_CUSTOMER
45408917.7275708611,1,218.0,HIGH_VALUE_CUSTOMER
53769790.5488226810,2,217.0,HIGH_VALUE_CUSTOMER
24207018.3974015161,1,217.0,HIGH_VALUE_CUSTOMER
58603767.6719650157,1,216.0,HIGH_VALUE_CUSTOMER
7477637.2776014049,3,216.0,HIGH_VALUE_CUSTOMER
8354945.6306403663,3,216.0,HIGH_VALUE_CUSTOMER
40919582.2188794043,1,216.0,HIGH_VALUE_CUSTOMER
3291666.2185697988,1,216.0,HIGH_VALUE_CUSTOMER
5312155.7410092259,5,214.0,HIGH_VALUE_CUSTOMER
82604808.5833749347,1,214.0,HIGH_VALUE_CUSTOMER
3630058.7076110762,1,214.0,HIGH_VALUE_CUSTOMER
80102056.6809389391,2,214.0,HIGH_VALUE_CUSTOMER
32328904.6840270281,1,214.0,HIGH_VALUE_CUSTOMER
30859745.1125051499,1,214.0,HIGH_VALUE_CUSTOMER
11509726.0727055406,2,213.0,HIGH_VALUE_CUSTOMER
1026932.0858862293,3,213.0,HIGH_VALUE_CUSTOMER
87326376.7596593080,1,212.0,HIGH_VALUE_CUSTOMER
8337415.6051453076,2,212.0,HIGH_VALUE_CUSTOMER
61577291.2144566004,1,212.0,HIGH_VALUE_CUSTOMER
47515634.0452819199,1,211.0,HIGH_VALUE_CUSTOMER
27701936.3565936806,1,211.0,HIGH_VALUE_CUSTOMER
1393292.7340025556,2,210.0,HIGH_VALUE_CUSTOMER
81632350.4358345762,7,210.0,HIGH_VALUE_CUSTOMER
88361744.4940705869,1,210.0,HIGH_VALUE_CUSTOMER
7228563.7799869763,2,210.0,HIGH_VALUE_CUSTOMER
8859594.9308619893,1,210.0,HIGH_VALUE_CUSTOMER
4229717.4815659011,1,209.0,HIGH_VALUE_CUSTOMER
11174427.4523965634,1,209.0,HIGH_VALUE_CUSTOMER
73478648.4870101641,2,208.0,HIGH_VALUE_CUSTOMER
7125962.1798454198,1,208.0,HIGH_VALUE_CUSTOMER
1063363.8922941272,1,208.0,HIGH_VALUE_CUSTOMER
1317256.8451359656,1,208.0,HIGH_VALUE_CUSTOMER
5579251.3024079662,1,208.0,HIGH_VALUE_CUSTOMER
6596516.5623513414,2,207.0,HIGH_VALUE_CUSTOMER
7750159.6505312378,4,207.0,HIGH_VALUE_CUSTOMER
62041179.6162419229,1,207.0,HIGH_VALUE_CUSTOMER
3529297.9210463119,1,206.0,HIGH_VALUE_CUSTOMER
6044369.0763862711,1,206.0,HIGH_VALUE_CUSTOMER
42583182.3977693374,1,205.0,HIGH_VALUE_CUSTOMER
54535436.2028528496,2,204.0,HIGH_VALUE_CUSTOMER
12411444.0410367159,1,204.0,HIGH_VALUE_CUSTOMER
39049092.9395215156,6,204.0,HIGH_VALUE_CUSTOMER
7242688.0843867208,3,204.0,HIGH_VALUE_CUSTOMER
66572919.0070303795,1,204.0,HIGH_VALUE_CUSTOMER
71773191.3267798855,1,203.0,HIGH_VALUE_CUSTOMER
1961021.4251862365,1,203.0,HIGH_VALUE_CUSTOMER
5674547.8008141064,2,202.0,HIGH_VALUE_CUSTOMER
70285128.0156104398,1,202.0,HIGH_VALUE_CUSTOMER
5898251.1308942779,7,200.0,HIGH_VALUE_CUSTOMER
1874599.7824854030,2,200.0,HIGH_VALUE_CUSTOMER
53379384.0448742187,1,200.0,HIGH_VALUE_CUSTOMER
70532365.4711674582,1,199.0,HIGH_VALUE_CUSTOMER
7147579.2005144402,1,199.0,HIGH_VALUE_CUSTOMER
6034317.4561707953,1,199.0,HIGH_VALUE_CUSTOMER
51605325.8215613948,3,199.0,HIGH_VALUE_CUSTOMER
6628033917.0193794826,2,198.0,HIGH_VALUE_CUSTOMER
34267479.4710386287,3,198.0,HIGH_VALUE_CUSTOMER
2011898130.9354861717,3,198.0,HIGH_VALUE_CUSTOMER
1486195554.5255114980,3,198.0,HIGH_VALUE_CUSTOMER
2448440.0955846512,1,198.0,HIGH_VALUE_CUSTOMER
3135759.6931516852,1,198.0,HIGH_VALUE_CUSTOMER
6652977.1027873844,4,197.0,HIGH_VALUE_CUSTOMER
40725997.7080496130,3,197.0,HIGH_VALUE_CUSTOMER
44822468.0260411018,1,197.0,HIGH_VALUE_CUSTOMER
8156015.0433362204,2,196.0,HIGH_VALUE_CUSTOMER
78113847.9152616369,1,196.0,HIGH_VALUE_CUSTOMER
2766869.1150503520,1,194.0,HIGH_VALUE_CUSTOMER
66897566.4482598405,2,194.0,HIGH_VALUE_CUSTOMER
59655965.0647426255,2,194.0,HIGH_VALUE_CUSTOMER
76219348.8581271685,1,194.0,HIGH_VALUE_CUSTOMER
5584543.6745627539,1,194.0,HIGH_VALUE_CUSTOMER
5561956.8525640382,1,194.0,HIGH_VALUE_CUSTOMER
2765238449.6586996303,1,194.0,HIGH_VALUE_CUSTOMER
47320569.5663739973,1,194.0,HIGH_VALUE_CUSTOMER
54134313.7729355877,1,194.0,HIGH_VALUE_CUSTOMER
12852776.3686074468,1,193.0,HIGH_VALUE_CUSTOMER
35949966.2815169272,1,193.0,HIGH_VALUE_CUSTOMER
31434781.7401740396,1,192.0,HIGH_VALUE_CUSTOMER
65671033.8875667472,2,192.0,HIGH_VALUE_CUSTOMER
40419717.4317588714,1,192.0,HIGH_VALUE_CUSTOMER
90732736.8391346787,1,192.0,HIGH_VALUE_CUSTOMER
8631746.0136342760,1,191.0,HIGH_VALUE_CUSTOMER
72114424.5827774039,2,191.0,HIGH_VALUE_CUSTOMER
628363132.9737513033,1,191.0,HIGH_VALUE_CUSTOMER
8224884.5817385201,1,191.0,HIGH_VALUE_CUSTOMER
6456054.7140086813,1,190.0,HIGH_VALUE_CUSTOMER
1983361950.0406778458,1,190.0,HIGH_VALUE_CUSTOMER
84868240.4309852777,2,189.0,HIGH_VALUE_CUSTOMER
36342934.1053894040,3,189.0,HIGH_VALUE_CUSTOMER
8816916.6059271167,2,189.0,HIGH_VALUE_CUSTOMER
86949711.6238778520,7,189.0,HIGH_VALUE_CUSTOMER
9162399.0802989525,1,189.0,HIGH_VALUE_CUSTOMER
12174342.2198928658,1,189.0,HIGH_VALUE_CUSTOMER
7252675.9081491443,1,188.0,HIGH_VALUE_CUSTOMER
70013731.5220508342,6,188.0,HIGH_VALUE_CUSTOMER
40215313.8233626662,1,188.0,HIGH_VALUE_CUSTOMER
9067917.4467737421,2,188.0,HIGH_VALUE_CUSTOMER
49777952.2680869968,1,188.0,HIGH_VALUE_CUSTOMER
4958713.6586294189,1,188.0,HIGH_VALUE_CUSTOMER
8504426.1216196705,1,188.0,HIGH_VALUE_CUSTOMER
80123648.0068941500,1,188.0,HIGH_VALUE_CUSTOMER
86816051.5538787911,2,187.0,HIGH_VALUE_CUSTOMER
6578204.1614469741,2,186.0,HIGH_VALUE_CUSTOMER
7446712.2726872272,2,186.0,HIGH_VALUE_CUSTOMER
1822000.8128019496,1,185.0,HIGH_VALUE_CUSTOMER
4022774245.7650545822,2,185.0,HIGH_VALUE_CUSTOMER
49129255.3105543415,1,185.0,HIGH_VALUE_CUSTOMER
6414647.4737074407,2,185.0,HIGH_VALUE_CUSTOMER
68044065.2390765612,1,185.0,HIGH_VALUE_CUSTOMER
80606681.4991751112,1,185.0,HIGH_VALUE_CUSTOMER
2543812.1952863671,1,185.0,HIGH_VALUE_CUSTOMER
1645066.3355511314,2,185.0,HIGH_VALUE_CUSTOMER
1685178.0670336190,2,184.0,HIGH_VALUE_CUSTOMER
13889156.1708430041,1,184.0,HIGH_VALUE_CUSTOMER
62739166.8660781806,1,184.0,HIGH_VALUE_CUSTOMER
1593060.9903989741,1,184.0,HIGH_VALUE_CUSTOMER
7150186.6926554484,1,184.0,HIGH_VALUE_CUSTOMER
2418457.6264805451,3,183.0,HIGH_VALUE_CUSTOMER
2994751.6580189667,1,183.0,HIGH_VALUE_CUSTOMER
1014825.0200289249,1,183.0,HIGH_VALUE_CUSTOMER
84647660.6681637188,1,183.0,HIGH_VALUE_CUSTOMER
3519862.5500955315,2,182.0,HIGH_VALUE_CUSTOMER
5401870.8880744857,1,182.0,HIGH_VALUE_CUSTOMER
7191442.1007439176,1,182.0,HIGH_VALUE_CUSTOMER
65347516.5438714743,1,182.0,HIGH_VALUE_CUSTOMER
57810963.2944308437,1,182.0,HIGH_VALUE_CUSTOMER
30015563.8542768971,1,181.0,HIGH_VALUE_CUSTOMER
71216083.8823170998,1,181.0,HIGH_VALUE_CUSTOMER
51153409.8050128631,2,180.0,HIGH_VALUE_CUSTOMER
77283283.8065996514,2,180.0,HIGH_VALUE_CUSTOMER
3949544.2182643123,3,180.0,HIGH_VALUE_CUSTOMER
7307937.9736138181,1,180.0,HIGH_VALUE_CUSTOMER
74576246.9093845667,2,179.0,HIGH_VALUE_CUSTOMER
6533788.3267075710,2,179.0,HIGH_VALUE_CUSTOMER
77805852.6832906360,2,179.0,HIGH_VALUE_CUSTOMER
64740644.1898496568,1,179.0,HIGH_VALUE_CUSTOMER
5542571.2196139050,1,178.0,HIGH_VALUE_CUSTOMER
5795144.5608491958,2,178.0,HIGH_VALUE_CUSTOMER
56346352.5809156833,1,178.0,HIGH_VALUE_CUSTOMER
36739590.6951379629,1,178.0,HIGH_VALUE_CUSTOMER
88890409.0907454901,1,178.0,HIGH_VALUE_CUSTOMER
1470110.5021681506,1,178.0,HIGH_VALUE_CUSTOMER
8735747.5391513797,3,177.0,HIGH_VALUE_CUSTOMER
81824760.1222124625,1,177.0,HIGH_VALUE_CUSTOMER
8729822.7526838334,2,177.0,HIGH_VALUE_CUSTOMER
37354985.1803131889,1,177.0,HIGH_VALUE_CUSTOMER
2272379.8750640009,1,177.0,HIGH_VALUE_CUSTOMER
5028681.2169404320,1,177.0,HIGH_VALUE_CUSTOMER
49763131.6438442163,1,177.0,HIGH_VALUE_CUSTOMER
53168426.9247441890,1,176.0,HIGH_VALUE_CUSTOMER
13965501.3079306644,2,176.0,HIGH_VALUE_CUSTOMER
8086948.1354933724,1,176.0,HIGH_VALUE_CUSTOMER
75611414.7949596702,1,176.0,HIGH_VALUE_CUSTOMER
85089615.0421191291,1,176.0,HIGH_VALUE_CUSTOMER
30956870.6460404440,2,176.0,HIGH_VALUE_CUSTOMER
3432659.9858672821,2,176.0,HIGH_VALUE_CUSTOMER
6134557.2662121134,1,176.0,HIGH_VALUE_CUSTOMER
4425556.0061611363,1,176.0,HIGH_VALUE_CUSTOMER
33063796.1679893984,1,176.0,HIGH_VALUE_CUSTOMER
6072463.1803217592,1,176.0,HIGH_VALUE_CUSTOMER
40103327.3649897811,1,176.0,HIGH_VALUE_CUSTOMER
6176511.0161757198,1,175.0,HIGH_VALUE_CUSTOMER
9209938.5004119512,2,175.0,HIGH_VALUE_CUSTOMER
68179423.3220502588,1,175.0,HIGH_VALUE_CUSTOMER
1525779.2780994637,1,175.0,HIGH_VALUE_CUSTOMER
7487454.9043521164,1,175.0,HIGH_VALUE_CUSTOMER
17829165.8694191080,1,175.0,HIGH_VALUE_CUSTOMER
26218636.4439892320,1,175.0,HIGH_VALUE_CUSTOMER
7670494.0367304220,2,174.0,HIGH_VALUE_CUSTOMER
3211830.1153763654,1,174.0,HIGH_VALUE_CUSTOMER
32903632.0574579540,1,174.0,HIGH_VALUE_CUSTOMER
1817516.7864464285,1,174.0,HIGH_VALUE_CUSTOMER
45465207.4943375965,2,174.0,HIGH_VALUE_CUSTOMER
3030394.7459625087,1,174.0,HIGH_VALUE_CUSTOMER
2526035958.7467790703,1,174.0,HIGH_VALUE_CUSTOMER
23631351.0257452991,1,174.0,HIGH_VALUE_CUSTOMER
28635254.0781084583,1,173.0,HIGH_VALUE_CUSTOMER
4553520.4581207598,1,173.0,HIGH_VALUE_CUSTOMER
3698543.6654155044,2,173.0,HIGH_VALUE_CUSTOMER
64212254.2445190855,1,173.0,HIGH_VALUE_CUSTOMER
1052855.9145777052,2,173.0,HIGH_VALUE_CUSTOMER
4070503.9473605760,1,173.0,HIGH_VALUE_CUSTOMER
766583098.5979816085,2,172.0,HIGH_VALUE_CUSTOMER
7770092.5618500764,1,172.0,HIGH_VALUE_CUSTOMER
70870420.8943424184,1,172.0,HIGH_VALUE_CUSTOMER
3198843.0611848527,1,171.0,HIGH_VALUE_CUSTOMER
3855098781.8871500534,1,171.0,HIGH_VALUE_CUSTOMER
7128823.1776740707,1,170.0,HIGH_VALUE_CUSTOMER
76356424.0978454972,1,170.0,HIGH_VALUE_CUSTOMER
62091849.9050525976,1,170.0,HIGH_VALUE_CUSTOMER
67522359.2848039358,1,169.0,HIGH_VALUE_CUSTOMER
35699842.0182681912,1,169.0,HIGH_VALUE_CUSTOMER
2420798.4492731250,1,169.0,HIGH_VALUE_CUSTOMER
79964492.7086086150,2,169.0,HIGH_VALUE_CUSTOMER
2211286.4172337240,2,169.0,HIGH_VALUE_CUSTOMER
24164594.4598368539,1,168.0,HIGH_VALUE_CUSTOMER
69784832.7107601315,7,168.0,HIGH_VALUE_CUSTOMER
4537449.6402312251,1,168.0,HIGH_VALUE_CUSTOMER
22941144.0166280987,2,168.0,HIGH_VALUE_CUSTOMER
44356964.3056281867,1,168.0,HIGH_VALUE_CUSTOMER
2701051.6884497528,1,168.0,HIGH_VALUE_CUSTOMER
71698975.4988844497,1,168.0,HIGH_VALUE_CUSTOMER
8204448.9073098218,1,168.0,HIGH_VALUE_CUSTOMER
7644155580.3915602822,3,167.0,HIGH_VALUE_CUSTOMER
8839256339.1323107592,1,167.0,HIGH_VALUE_CUSTOMER
4325314.4909952472,1,167.0,HIGH_VALUE_CUSTOMER
50183692.6751135595,1,167.0,HIGH_VALUE_CUSTOMER
65163016.2468447960,1,166.0,HIGH_VALUE_CUSTOMER
10945077.7212556025,1,166.0,HIGH_VALUE_CUSTOMER
4951824232.2987874402,1,166.0,HIGH_VALUE_CUSTOMER
5889305.1596594172,1,166.0,HIGH_VALUE_CUSTOMER
72273077.0200111080,2,166.0,HIGH_VALUE_CUSTOMER
61145313.5871571070,2,166.0,HIGH_VALUE_CUSTOMER
8376952.2180638236,1,166.0,HIGH_VALUE_CUSTOMER
1773468.6321288380,1,166.0,HIGH_VALUE_CUSTOMER
2317598.9209464204,2,166.0,HIGH_VALUE_CUSTOMER
7709361184.1393664585,1,166.0,HIGH_VALUE_CUSTOMER
6359627.3798772018,1,166.0,HIGH_VALUE_CUSTOMER
12152291.1519358530,1,165.0,HIGH_VALUE_CUSTOMER
2042749.4699501738,1,165.0,HIGH_VALUE_CUSTOMER
43259288.5905790888,3,165.0,HIGH_VALUE_CUSTOMER
3644566278.6602625320,3,164.0,HIGH_VALUE_CUSTOMER
8366314228.9854739652,1,164.0,HIGH_VALUE_CUSTOMER
41509908.7423660369,1,164.0,HIGH_VALUE_CUSTOMER
68062973.3734091414,1,164.0,HIGH_VALUE_CUSTOMER
3036743.2199967879,1,163.0,HIGH_VALUE_CUSTOMER
78606650.1679620782,1,163.0,HIGH_VALUE_CUSTOMER
5232022.2769052718,1,163.0,HIGH_VALUE_CUSTOMER
5320068.3830223799,1,162.0,HIGH_VALUE_CUSTOMER
92228801.7371633756,1,162.0,HIGH_VALUE_CUSTOMER
1594874.6106636037,1,162.0,HIGH_VALUE_CUSTOMER
26336473.4191490468,1,162.0,HIGH_VALUE_CUSTOMER
84232431.7456081587,2,162.0,HIGH_VALUE_CUSTOMER
57328124.6848846028,1,162.0,HIGH_VALUE_CUSTOMER
80435974.9462183494,1,162.0,HIGH_VALUE_CUSTOMER
4142001.1259803751,1,162.0,HIGH_VALUE_CUSTOMER
2569739.8101031899,1,162.0,HIGH_VALUE_CUSTOMER
63378233.4846691578,1,161.0,HIGH_VALUE_CUSTOMER
8421611.9716301302,1,160.0,HIGH_VALUE_CUSTOMER
38940697.0285959050,1,160.0,HIGH_VALUE_CUSTOMER
46252928.2409079037,1,160.0,HIGH_VALUE_CUSTOMER
26661028.3315613037,2,160.0,HIGH_VALUE_CUSTOMER
6112176882.5497379571,1,160.0,HIGH_VALUE_CUSTOMER
5973523.5114607466,1,159.0,HIGH_VALUE_CUSTOMER
27576412.5755687425,1,159.0,HIGH_VALUE_CUSTOMER
9957205.7975202648,1,159.0,HIGH_VALUE_CUSTOMER
80120305.1144725890,1,159.0,HIGH_VALUE_CUSTOMER
88483035.1457878746,1,159.0,HIGH_VALUE_CUSTOMER
82552229.9514417843,1,158.0,HIGH_VALUE_CUSTOMER
18938448.3710776022,2,158.0,HIGH_VALUE_CUSTOMER
56575397.8153659749,2,158.0,HIGH_VALUE_CUSTOMER
2385181.0293493711,1,158.0,HIGH_VALUE_CUSTOMER
5786172.1537126919,1,158.0,HIGH_VALUE_CUSTOMER
8846705.8896018235,2,157.0,HIGH_VALUE_CUSTOMER
3064545.2019467351,1,157.0,HIGH_VALUE_CUSTOMER
91518233.2791103693,1,157.0,HIGH_VALUE_CUSTOMER
18383544.6572002162,1,157.0,HIGH_VALUE_CUSTOMER
35064550.9410834862,1,157.0,HIGH_VALUE_CUSTOMER
5409431.3869554427,1,156.0,HIGH_VALUE_CUSTOMER
87464267.0084919923,1,156.0,HIGH_VALUE_CUSTOMER
38579036.9404376300,8,156.0,HIGH_VALUE_CUSTOMER
6567766382.8954640880,1,156.0,HIGH_VALUE_CUSTOMER
74275572.8018336190,1,156.0,HIGH_VALUE_CUSTOMER
77549456.4000160007,1,156.0,HIGH_VALUE_CUSTOMER
10172849.5375293351,1,156.0,HIGH_VALUE_CUSTOMER
4267777.0729523939,1,155.0,HIGH_VALUE_CUSTOMER
40957384.9471332754,2,155.0,HIGH_VALUE_CUSTOMER
3167058.8718002822,1,155.0,HIGH_VALUE_CUSTOMER
66118688.0355028155,1,155.0,HIGH_VALUE_CUSTOMER
6070906.8817356972,2,155.0,HIGH_VALUE_CUSTOMER
66888229.7531203853,1,154.0,HIGH_VALUE_CUSTOMER
7652255.0101230871,1,154.0,HIGH_VALUE_CUSTOMER
8321172.7493780280,2,154.0,HIGH_VALUE_CUSTOMER
43930190.6916774543,1,154.0,HIGH_VALUE_CUSTOMER
61926936.5478907982,1,153.0,HIGH_VALUE_CUSTOMER
1306542.3194160764,1,153.0,HIGH_VALUE_CUSTOMER
3953783.0019328064,1,153.0,HIGH_VALUE_CUSTOMER
1236268.2863374901,1,153.0,HIGH_VALUE_CUSTOMER
77461948.4804221368,1,152.0,HIGH_VALUE_CUSTOMER
6564796.1290041020,1,152.0,HIGH_VALUE_CUSTOMER
66209749.3358798510,1,152.0,HIGH_VALUE_CUSTOMER
6698358.4948359155,1,152.0,HIGH_VALUE_CUSTOMER
52083507.8774663935,1,152.0,HIGH_VALUE_CUSTOMER
91274512.0451281678,1,152.0,HIGH_VALUE_CUSTOMER
5805017.6522131594,2,152.0,HIGH_VALUE_CUSTOMER
18637647.0398129287,1,152.0,HIGH_VALUE_CUSTOMER
34613058.0872685890,1,152.0,HIGH_VALUE_CUSTOMER
79168059.5419491216,1,151.0,HIGH_VALUE_CUSTOMER
13654113.8966730613,1,151.0,HIGH_VALUE_CUSTOMER
79224794.0908623273,1,151.0,HIGH_VALUE_CUSTOMER
2345616688.3567836901,3,150.0,HIGH_VALUE_CUSTOMER
7912653.2370373847,3,149.0,HIGH_VALUE_CUSTOMER
3392018.9796964611,4,148.0,HIGH_VALUE_CUSTOMER
53418806.5482216471,3,147.0,HIGH_VALUE_CUSTOMER
2873862.9309388718,3,144.0,HIGH_VALUE_CUSTOMER
5050584.3771338630,3,144.0,HIGH_VALUE_CUSTOMER
1043539.2747159846,6,140.0,HIGH_VALUE_CUSTOMER
5297765.6768178190,3,135.0,HIGH_VALUE_CUSTOMER
2605468.7128696165,3,132.0,HIGH_VALUE_CUSTOMER
8536857.0920789613,3,131.0,HIGH_VALUE_CUSTOMER
60536675.2873170774,6,129.0,HIGH_VALUE_CUSTOMER
83961186.4892260627,3,124.0,HIGH_VALUE_CUSTOMER
6670122091.4622753239,3,124.0,HIGH_VALUE_CUSTOMER
7387564.3877787270,4,124.0,HIGH_VALUE_CUSTOMER
50264907.6315911120,6,122.0,HIGH_VALUE_CUSTOMER
53675399.0091092182,5,120.0,HIGH_VALUE_CUSTOMER
4571300.1430687449,3,116.0,HIGH_VALUE_CUSTOMER
4802635.2461442794,3,114.0,HIGH_VALUE_CUSTOMER
4651234.6787037490,3,112.0,HIGH_VALUE_CUSTOMER
10731965.6220509788,4,112.0,HIGH_VALUE_CUSTOMER
11100960.2667996478,4,110.0,HIGH_VALUE_CUSTOMER
6924972.3117240095,3,105.0,HIGH_VALUE_CUSTOMER
1056498.5939985013,3,105.0,HIGH_VALUE_CUSTOMER
46622969.7099107810,3,104.0,HIGH_VALUE_CUSTOMER
57966618.4492876538,5,103.0,HIGH_VALUE_CUSTOMER
4366554.6078100134,3,102.0,HIGH_VALUE_CUSTOMER
1219636.7573278529,3,102.0,HIGH_VALUE_CUSTOMER
4181862.5710073931,3,102.0,HIGH_VALUE_CUSTOMER
77005687.4514013148,3,101.0,HIGH_VALUE_CUSTOMER
8824479.1230645788,3,100.0,HIGH_VALUE_CUSTOMER
28108956.4390354387,3,97.0,HIGH_VALUE_CUSTOMER
91266894.2688451102,4,96.0,HIGH_VALUE_CUSTOMER
28475030.0026516570,3,93.0,HIGH_VALUE_CUSTOMER
84385511.3999029850,3,92.0,HIGH_VALUE_CUSTOMER
7644052.7232523165,3,91.0,HIGH_VALUE_CUSTOMER
18562126.1110896765,3,90.0,HIGH_VALUE_CUSTOMER
82790046.1686536183,3,90.0,HIGH_VALUE_CUSTOMER
29339544.5051604260,4,84.0,HIGH_VALUE_CUSTOMER
86253338.5702333040,6,84.0,HIGH_VALUE_CUSTOMER
5184896.7773934801,4,84.0,HIGH_VALUE_CUSTOMER
1269503.0307049017,6,84.0,HIGH_VALUE_CUSTOMER
4983865.9578536501,5,80.0,HIGH_VALUE_CUSTOMER
7989341.0097191625,3,77.0,HIGH_VALUE_CUSTOMER
80099261.3426524420,3,71.0,HIGH_VALUE_CUSTOMER
26519562.2001786042,3,69.0,HIGH_VALUE_CUSTOMER
3846424.1179556219,3,66.0,HIGH_VALUE_CUSTOMER
3287379.7416476309,3,65.0,HIGH_VALUE_CUSTOMER
56946920.7497732024,3,62.0,HIGH_VALUE_CUSTOMER
26171153.2712091151,3,59.0,HIGH_VALUE_CUSTOMER
5963534.4700679023,3,58.0,HIGH_VALUE_CUSTOMER
7474537327.4725745851,5,54.0,HIGH_VALUE_CUSTOMER
7118581.9194840540,3,52.0,HIGH_VALUE_CUSTOMER
8339212.2465893300,3,49.0,HIGH_VALUE_CUSTOMER
25681781.7210716874,3,48.0,HIGH_VALUE_CUSTOMER
11323811.0415184273,4,44.0,HIGH_VALUE_CUSTOMER
5444054.0299206594,3,42.0,HIGH_VALUE_CUSTOMER
6989932.8832534125,3,42.0,HIGH_VALUE_CUSTOMER
53989140.2218322723,3,42.0,HIGH_VALUE_CUSTOMER
8922626.4347602444,3,42.0,HIGH_VALUE_CUSTOMER
2288007.4516543064,3,36.0,HIGH_VALUE_CUSTOMER
27150223.0167628853,3,30.0,HIGH_VALUE_CUSTOMER
16851116.6419517132,5,24.0,HIGH_VALUE_CUSTOMER